Level_Hierarchy	Constraint_Name	Group_Name	Previous_hierarchy	Status_previous_Hierarchy	MonophylyCorrected	Monophyletic_Constraint	PresenceDNATree	Comments
Family	Acanthuridae	Acanthuridae	See_Species	Species	Monophyletic	Yes	DNA_Tree	
Family	Rhombosoleidae	Rhombosoleidae	See_Species	Species	Monophyletic	Yes	DNA_Tree	
Family	Alepisauridae	Alepisauridae	See_Species	Species	Monophyletic	Yes	DNA_Tree	
Family	Antennariidae	Antennariidae	See_Species	Species	Monophyletic	Yes	DNA_Tree	
Family	Aplodactylidae	Aplodactylidae	See_Species	Species	Monophyletic	Yes	DNA_Tree	
Family	Apogonidae	Apogonidae	See_Species	Species	Monophyletic	Yes	DNA_Tree	
Family	Argentinidae	Argentinidae	See_Species	Species	Monophyletic	Yes	DNA_Tree	
Family	Ariommatidae	Ariommatidae	See_Species	Species	Monophyletic	Yes	DNA_Tree	
Family	Arripidae	Arripidae	See_Species	Species	Monophyletic	Yes	DNA_Tree	
Family	Aulostomidae	Aulostomidae	See_Species	Species	Monophyletic	Yes	DNA_Tree	
Family	Balistidae	Balistidae	See_Species	Species	Monophyletic	Yes	DNA_Tree	
Family	Bathygadidae	Bathygadidae	See_Species	Species	Monophyletic	Yes	DNA_Tree	
Family	Belonidae	Belonidae	See_Species	Species	Monophyletic	Yes	DNA_Tree	
Family	Berycidae	Berycidae	See_Species	Species	Monophyletic	Yes	DNA_Tree	
Family	Blenniidae	Blenniidae	See_Species	Species	Monophyletic	Yes	DNA_Tree	
Family	Bothidae	Bothidae	See_Species	Species	Monophyletic	Yes	DNA_Tree	
Family	Bovichtidae	Bovichtidae	See_Species	Species	Monophyletic	Yes	DNA_Tree	
Family	Bramidae	Bramidae	See_Species	Species	Monophyletic	Yes	DNA_Tree	
Family	Bythitidae	Bythitidae	See_Species	Species	Monophyletic	Yes	DNA_Tree	
Family	Callanthiidae	Callanthiidae	See_Species	Species	Monophyletic	Yes	DNA_Tree	
Family	Callionymidae	Callionymidae	See_Species	Species	Monophyletic	Yes	DNA_Tree	
Family	Carangidae	Carangidae	See_Species	Species	Monophyletic	Yes	DNA_Tree	
Family	Ophidiidae	Ophidiidae	See_Species	Species	Monophyletic	Yes	DNA_Tree	
Family	Caristiidae	Caristiidae	See_Species	Species	Monophyletic	Yes	DNA_Tree	
Family	Cepolidae	Cepolidae	See_Species	Species	Monophyletic	Yes	DNA_Tree	
Family	Ceratiidae	Ceratiidae	See_Species	Species	Monophyletic	Yes	DNA_Tree	
Family	Cetomimidae	Cetomimidae	See_Species	Species	Monophyletic	Yes	DNA_Tree	
Family	Chaetodontidae	Chaetodontidae	See_Species	Species	Monophyletic	Yes	DNA_Tree	
Family	Chaunacidae	Chaunacidae	See_Species	Species	Monophyletic	Yes	DNA_Tree	
Family	Chiasmodontidae	Chiasmodontidae	See_Species	Species	Monophyletic	Yes	DNA_Tree	
Family	Chironemidae	Chironemidae	See_Species	Species	Monophyletic	Yes	DNA_Tree	
Family	Cirrhitidae	Cirrhitidae	See_Species	Species	Monophyletic	Yes	DNA_Tree	
Family	Dactylopteridae	Dactylopteridae	See_Species	Species	Monophyletic	Yes	DNA_Tree	
Family	Diodontidae	Diodontidae	See_Species	Species	Monophyletic	Yes	DNA_Tree	
Family	Gonostomatidae	Gonostomatidae	See_Species	Species	Monophyletic	Yes	DNA_Tree	
Family	Diretmidae	Diretmidae	See_Species	Species	Monophyletic	Yes	DNA_Tree	
Family	Echeneidae	Echeneidae	See_Species	Species	Monophyletic	Yes	DNA_Tree	
Family	Eleotridae	Eleotridae	See_Species	Species	Monophyletic	Yes	DNA_Tree	
Family	Emmelichthyidae	Emmelichthyidae	See_Species	Species	Monophyletic	Yes	DNA_Tree	
Family	Engraulidae	Engraulidae	See_Species	Species	Monophyletic	Yes	DNA_Tree	
Family	Ephippidae	Ephippidae	See_Species	Species	Monophyletic	Yes	DNA_Tree	
Family	Epigonidae	Epigonidae	See_Species	Species	Monophyletic	Yes	DNA_Tree	
Family	Evermannellidae	Evermannellidae	See_Species	Species	Monophyletic	Yes	DNA_Tree	
Family	Exocoetidae	Exocoetidae	See_Species	Species	Monophyletic	Yes	DNA_Tree	
Family	Fistulariidae	Fistulariidae	See_Species	Species	Monophyletic	Yes	DNA_Tree	
Family	Gadidae	Gadidae	See_Species	Species	Monophyletic	Yes	DNA_Tree	
Family	Gigantactinidae	Gigantactinidae	See_Species	Species	Monophyletic	Yes	DNA_Tree	
Family	Gobiesocidae	Gobiesocidae	See_Species	Species	Monophyletic	Yes	No	
Family	Gobiidae	Gobiidae	See_Species	Species	Monophyletic	Yes	DNA_Tree	
Family	Gonorynchidae	Gonorynchidae	See_Species	Species	Monophyletic	Yes	DNA_Tree	
Family	Halosauridae	Halosauridae	See_Species	Species	Monophyletic	Yes	DNA_Tree	
Family	Holocentridae	Holocentridae	See_Species	Species	Monophyletic	Yes	DNA_Tree	
Family	Hoplichthyidae	Hoplichthyidae	See_Species	Species	Monophyletic	Yes	DNA_Tree	
Family	Howellidae	Howellidae	See_Species	Species	Monophyletic	Yes	DNA_Tree	
Family	Istiophoridae	Istiophoridae	See_Species	Species	Monophyletic	Yes	DNA_Tree	
Family	Kuhliidae	Kuhliidae	See_Species	Species	Monophyletic	Yes	DNA_Tree	
Family	Kyphosidae	Kyphosidae	See_Species	Species	Monophyletic	Yes	DNA_Tree	
Family	Labridae	Labridae	See_Species	Species	Monophyletic	Yes	DNA_Tree	
Family	Latridae	Latridae	See_Species	Species	Monophyletic	Yes	DNA_Tree	
Family	Lutjanidae	Lutjanidae	See_Species	Species	Monophyletic	Yes	DNA_Tree	
Family	Macrouridae	Macrouridae	See_Species	Species	Monophyletic	Yes	DNA_Tree	
Family	Malacanthidae	Malacanthidae	See_Species	Species	Monophyletic	Yes	DNA_Tree	
Family	Melamphaidae	Melamphaidae	See_Species	Species	Monophyletic	Yes	DNA_Tree	
Family	Melanocetidae	Melanocetidae	See_Species	Species	Monophyletic	Yes	DNA_Tree	
Family	Merlucciidae	Merlucciidae	See_Species	Species	Monophyletic	Yes	DNA_Tree	
Family	Molidae	Molidae	See_Species	Species	Monophyletic	Yes	DNA_Tree	
Family	Monacanthidae	Monacanthidae	See_Species	Species	Monophyletic	Yes	DNA_Tree	
Family	Moridae	Moridae	See_Species	Species	Monophyletic	Yes	DNA_Tree	
Family	Mugilidae	Mugilidae	See_Species	Species	Monophyletic	Yes	DNA_Tree	
Family	Mullidae	Mullidae	See_Species	Species	Monophyletic	Yes	DNA_Tree	
Family	Myctophidae	Myctophidae	See_Species	Species	Monophyletic	Yes	DNA_Tree	
Family	Neoscopelidae	Neoscopelidae	See_Species	Species	Monophyletic	Yes	DNA_Tree	
Family	Nomeidae	Nomeidae	See_Species	Species	Monophyletic	Yes	DNA_Tree	
Family	Notosudidae	Notosudidae	See_Species	Species	Monophyletic	Yes	DNA_Tree	
Family	Ogcocephalidae	Ogcocephalidae	See_Species	Species	Monophyletic	Yes	DNA_Tree	
Family	Oneirodidae	Oneirodidae	See_Species	Species	Monophyletic	Yes	DNA_Tree	
Family	Ophichthidae	Ophichthidae	See_Species	Species	Monophyletic	Yes	DNA_Tree	
Family	Ostraciidae	Ostraciidae	See_Species	Species	Monophyletic	Yes	DNA_Tree	
Family	Pentacerotidae	Pentacerotidae	See_Species	Species	Monophyletic	Yes	DNA_Tree	
Family	Pinguipedidae	Pinguipedidae	See_Species	Species	Monophyletic	Yes	DNA_Tree	
Family	Platytroctidae	Platytroctidae	See_Species	Species	Monophyletic	Yes	DNA_Tree	
Family	Plesiopidae	Plesiopidae	See_Species	Species	Monophyletic	Yes	DNA_Tree	
Family	Polymixiidae	Polymixiidae	See_Species	Species	Monophyletic	Yes	DNA_Tree	
Family	Polyprionidae	Polyprionidae	See_Species	Species	Monophyletic	Yes	DNA_Tree	
Family	Pomacentridae	Pomacentridae	See_Species	Species	Monophyletic	Yes	DNA_Tree	
Family	Priacanthidae	Priacanthidae	See_Species	Species	Monophyletic	Yes	DNA_Tree	
Family	Psychrolutidae	Psychrolutidae	See_Species	Species	Monophyletic	Yes	DNA_Tree	
Family	Regalecidae	Regalecidae	See_Species	Species	Monophyletic	Yes	DNA_Tree	
Family	Rondeletiidae	Rondeletiidae	See_Species	Species	Monophyletic	Yes	DNA_Tree	
Family	Sebastidae	Sebastidae	See_Species	Species	Monophyletic	Yes	DNA_Tree	
Family	Serranidae	Serranidae	See_Species	Species	Monophyletic	Yes	DNA_Tree	
Family	Sparidae	Sparidae	See_Species	Species	Monophyletic	Yes	DNA_Tree	
Family	Sphyraenidae	Sphyraenidae	See_Species	Species	Monophyletic	Yes	DNA_Tree	
Family	Sternoptychidae	Sternoptychidae	See_Species	Species	Monophyletic	Yes	DNA_Tree	
Family	Stomiidae	Stomiidae	See_Species	Species	Monophyletic	Yes	DNA_Tree	
Family	Syngnathidae	Syngnathidae	See_Species	Species	Monophyletic	Yes	DNA_Tree	
Family	Tetraodontidae	Tetraodontidae	See_Species	Species	Monophyletic	Yes	DNA_Tree	
Family	Trachipteridae	Trachipteridae	See_Species	Species	Monophyletic	Yes	DNA_Tree	
Family	Triacanthodidae	Triacanthodidae	See_Species	Species	Monophyletic	Yes	DNA_Tree	
Family	Trichiuridae	Trichiuridae	See_Species	Species	Monophyletic	Yes	DNA_Tree	
Family	Triglidae	Triglidae	See_Species	Species	Monophyletic	Yes	DNA_Tree	
Family	Tripterygiidae	Tripterygiidae	See_Species	Species	Monophyletic	Yes	DNA_Tree	
Family	Uranoscopidae	Uranoscopidae	See_Species	Species	Monophyletic	Yes	DNA_Tree	
Family	Zeidae	Zeidae	See_Species	Species	Monophyletic	Yes	DNA_Tree	
Family	Zoarcidae	Zoarcidae	See_Species	Species	Monophyletic	Yes	DNA_Tree	
Family	Acipenseridae	Acipenseridae	See_Species	Species	Monophyletic	Yes	DNA_Tree	
Family	Lepisosteidae	Lepisosteidae	See_Species	Species	Monophyletic	Yes	DNA_Tree	
Family	Clinidae	Clinidae	See_Species	Species	Monophyletic	Yes	No	
Family	Cottidae	Cottidae	See_Species	Species	Monophyletic	Yes	No	
Family	Cynoglossidae	Cynoglossidae	See_Species	Species	Monophyletic	Yes	No	
Family	Dinematichthyidae	Dinematichthyidae	See_Species	Species	Monophyletic	Yes	No	
Family	Liparidae	Liparidae	See_Species	Species	Monophyletic	Yes	No	
Family	Lophiidae	Lophiidae	See_Species	Species	Monophyletic	Yes	No	
Family	Pempheridae	Pempheridae	See_Species	Species	Monophyletic	Yes	No	
Family	Pomacanthidae	Pomacanthidae	See_Species	Species	Monophyletic	Yes	No	
Family	Soleidae	Soleidae	See_Species	Species	Monophyletic	Yes	No	
Family	Anoplogastridae	Anoplogastridae	See_Species	Species	Monotypic	No	DNA_Tree	
Family	Aulopidae	Aulopidae	See_Species	Species	Monotypic	No	DNA_Tree	
Family	Barbourisiidae	Barbourisiidae	See_Species	Species	Monotypic	No	DNA_Tree	
Family	Bathylagidae	Bathylagidae	See_Species	Species	Monotypic	No	DNA_Tree	
Family	Bathysauridae	Bathysauridae	See_Species	Species	Monotypic	No	DNA_Tree	
Family	Centrolophidae	Centrolophidae	See_Species	Species	Monotypic	No	DNA_Tree	
Family	Congridae	Congridae	See_Species	Species	Monotypic	No	DNA_Tree	
Family	Coryphaenidae	Coryphaenidae	See_Species	Species	Monotypic	No	DNA_Tree	
Family	Creediidae	Creediidae	See_Species	Species	Monotypic	No	DNA_Tree	
Family	Eurypharyngidae	Eurypharyngidae	See_Species	Species	Monotypic	No	DNA_Tree	
Family	Girellidae	Girellidae	See_Species	Species	Monotypic	No	DNA_Tree	
Family	Himantolophidae	Himantolophidae	See_Species	Species	Monotypic	No	DNA_Tree	
Family	Isonidae	Isonidae	See_Species	Species	Monotypic	No	DNA_Tree	
Family	Lampridae	Lampridae	See_Species	Species	Monotypic	No	DNA_Tree	
Family	Lophotidae	Lophotidae	See_Species	Species	Monotypic	No	DNA_Tree	
Family	Luvaridae	Luvaridae	See_Species	Species	Monotypic	No	DNA_Tree	
Family	Monocentridae	Monocentridae	See_Species	Species	Monotypic	No	DNA_Tree	
Family	Muraenidae	Muraenidae	See_Species	Species	Monotypic	No	DNA_Tree	
Family	Muraenolepididae	Muraenolepididae	See_Species	Species	Monotypic	No	DNA_Tree	
Family	Nemichthyidae	Nemichthyidae	See_Species	Species	Monotypic	No	DNA_Tree	
Family	Notacanthidae	Notacanthidae	See_Species	Species	Monotypic	No	DNA_Tree	
Family	Opisthoproctidae	Opisthoproctidae	See_Species	Species	Monotypic	No	DNA_Tree	
Family	Oplegnathidae	Oplegnathidae	See_Species	Species	Monotypic	No	DNA_Tree	
Family	Paraulopidae	Paraulopidae	See_Species	Species	Monotypic	No	DNA_Tree	
Family	Parazenidae	Parazenidae	See_Species	Species	Monotypic	No	DNA_Tree	
Family	Percophidae	Percophidae	See_Species	Species	Monotypic	No	DNA_Tree	
Family	Saccopharyngidae	Saccopharyngidae	See_Species	Species	Monotypic	No	DNA_Tree	
Family	Scombrolabracidae	Scombrolabracidae	See_Species	Species	Monotypic	No	DNA_Tree	
Family	Serrivomeridae	Serrivomeridae	See_Species	Species	Monotypic	No	DNA_Tree	
Family	Setarchidae	Setarchidae	See_Species	Species	Monotypic	No	DNA_Tree	
Family	Stephanoberycidae	Stephanoberycidae	See_Species	Species	Monotypic	No	DNA_Tree	
Family	Xiphiidae	Xiphiidae	See_Species	Species	Monotypic	No	DNA_Tree	
Family	Zanclidae	Zanclidae	See_Species	Species	Monotypic	No	DNA_Tree	
Family	Zeniontidae	Zeniontidae	See_Species	Species	Monotypic	No	DNA_Tree	
Family	Amiidae	Amiidae	See_Species	Species	Monotypic	No	DNA_Tree	
Family	Polyodontidae	Polyodontidae	See_Species	Species	Monotypic	No	DNA_Tree	
Family	Champsodontidae	Champsodontidae	See_Species	Species	Monotypic	No	No	
Family	Microstomatidae	Microstomatidae	See_Species	Species	Monotypic	No	No	
Family	Tetrarogidae	Tetrarogidae	See_Species	Species	Monotypic	No	No	
Family	Bathysauropsidae	Bathysauropsidae	See_Species	Species	Not Examined	No	DNA_Tree	
Family	Caulophrynidae	Caulophrynidae	See_Species	Species	Not Examined	No	DNA_Tree	
Family	Congiopodidae	Congiopodidae	See_Species	Species	Not Examined	No	DNA_Tree	
Family	Cyematidae	Cyematidae	See_Species	Species	Not Examined	No	DNA_Tree	
Family	Cyttidae	Cyttidae	See_Species	Species	Not Examined	No	DNA_Tree	
Family	Derichthyidae	Derichthyidae	See_Species	Species	Not Examined	No	DNA_Tree	
Family	Euclichthyidae	Euclichthyidae	See_Species	Species	Not Examined	No	DNA_Tree	
Family	Grammicolepididae	Grammicolepididae	See_Species	Species	Not Examined	No	DNA_Tree	
Family	Leptoscopidae	Leptoscopidae	See_Species	Species	Not Examined	No	DNA_Tree	
Family	Linophrynidae	Linophrynidae	See_Species	Species	Not Examined	No	DNA_Tree	
Family	Gaidropsaridae	Gaidropsaridae	See_Species	Species	Not Examined	No	DNA_Tree	
Family	Centriscidae	Centriscidae	See_Species	Species	Not Examined	No	DNA_Tree	
Family	Melanonidae	Melanonidae	See_Species	Species	Not Examined	No	DNA_Tree	
Family	Microcanthidae	Microcanthidae	See_Species	Species	Not Examined	No	DNA_Tree	
Family	Nettastomatidae	Nettastomatidae	See_Species	Species	Not Examined	No	DNA_Tree	
Family	Oreosomatidae	Oreosomatidae	See_Species	Species	Not Examined	No	DNA_Tree	
Family	Plectrogeniidae	Plectrogeniidae	See_Species	Species	Not Examined	No	DNA_Tree	
Family	Scorpididae	Scorpididae	See_Species	Species	Not Examined	No	DNA_Tree	
Family	Synaphobranchidae	Synaphobranchidae	See_Species	Species	Not Examined	No	DNA_Tree	
Family	Tetragonuridae	Tetragonuridae	See_Species	Species	Not Examined	No	DNA_Tree	
Family	Trachyrincidae	Trachyrincidae	See_Species	Species	Not Examined	No	DNA_Tree	
Family	Veliferidae	Veliferidae	See_Species	Species	Not Examined	No	DNA_Tree	
Family	Bregmacerotidae	Bregmacerotidae	See_Species	Species	Not Examined	No	No	
Family	Chlopsidae	Chlopsidae	See_Species	Species	Not Examined	No	No	
Family	Diceratiidae	Diceratiidae	See_Species	Species	Not Examined	No	No	
Family	Draconettidae	Draconettidae	See_Species	Species	Not Examined	No	No	
Family	Epigonichthyidae	Epigonichthyidae	See_Species	Species	Not Examined	No	No	
Family	Neosebastidae	Neosebastidae	See_Species	Species	Not Examined	No	No	
Family	Alepocephalidae	Alepocephalidae	See_Species	Species	Not monophyletic	No	DNA_Tree	
Family	Cheilodactylidae	Cheilodactylidae	See_Species	Species	Not monophyletic	No	DNA_Tree	
Family	Chlorophthalmidae	Chlorophthalmidae	See_Species	Species	Not monophyletic	No	DNA_Tree	
Family	Clupeidae	Clupeidae	See_Species	Species	Not monophyletic	No	DNA_Tree	
Family	Gempylidae	Gempylidae	See_Species	Species	Not monophyletic	No	DNA_Tree	
Family	Hemiramphidae	Hemiramphidae	See_Species	Species	Not monophyletic	No	DNA_Tree	
Family	Nototheniidae	Nototheniidae	See_Species	Species	Not monophyletic	No	DNA_Tree	
Family	Paralepididae	Paralepididae	See_Species	Species	Not monophyletic	No	DNA_Tree	
Family	Phosichthyidae	Phosichthyidae	See_Species	Species	Not monophyletic	No	DNA_Tree	
Family	Scombridae	Scombridae	See_Species	Species	Not monophyletic	No	DNA_Tree	
Family	Scopelarchidae	Scopelarchidae	See_Species	Species	Not monophyletic	No	DNA_Tree	
Family	Scorpaenidae	Scorpaenidae	See_Species	Species	Not monophyletic	No	DNA_Tree	
Family	Synodontidae	Synodontidae	See_Species	Species	Not monophyletic	No	DNA_Tree	
Family	Trachichthyidae	Trachichthyidae	See_Species	Species	Not monophyletic	No	DNA_Tree	
Family	Acropomatidae	Acropomatidae	See_Species	Species	Not monophyletic	No	No	
Family	Ipnopidae	Ipnopidae	See_Species	Species	Not monophyletic	No	No	
Order	Acanthuriformes	Acanthuriformes	See_Species	Species	Monophyletic	Yes	DNA_Tree	We followed the restricted circumscription of DeepFinV4 where Emmelichthyidae and Sciaenidae are placed in the order Level “Incertae sedis in Eupercaria” and not in Acanthuriformes, DeeepFinV4.
Order	Alepocephaliformes	Alepocephaliformes	See_Species	Species	Monophyletic	Yes	DNA_Tree	Monophyly supported in DeepFinV4 and Lavoue et al. (2008). Lavoué S, Miya M, Poulsen JY, Møller PR, Nishida M. Monophyly, phylogenetic position and inter-familial relationships of the Alepocephaliformes (Teleostei) based on whole mitogenome sequences. Mol Phylogenet Evol. 2008;47(3):1111–21.
Order	Anguilliformes	Anguilliformes	See_Species	Species	Monophyletic	Yes	DNA_Tree	
Order	Atheriniformes	Atheriniformes	See_Species	Species	Monophyletic	Yes	DNA_Tree	
Order	Aulopiformes	Aulopiformes	See_Species	Species	Monophyletic	Yes	DNA_Tree	
Order	Beloniformes	Beloniformes	See_Species	Species	Monophyletic	Yes	DNA_Tree	
Order	Beryciformes	Beryciformes	See_Species	Species	Monophyletic	Yes	DNA_Tree	
Order	Blenniiformes	Blenniiformes	See_Species	Species	Monophyletic	Yes	DNA_Tree	
Order	Centrarchiformes	Centrarchiformes	See_Species	Species	Monophyletic	Yes	DNA_Tree	
Order	Chaetodontiformes	Chaetodontiformes	See_Species	Species	Monophyletic	Yes	DNA_Tree	
Order	Clupeiformes	Clupeiformes	See_Species	Species	Monophyletic	Yes	DNA_Tree	
Order	Ephippiformes	Ephippiformes	See_Species	Species	Monophyletic	Yes	DNA_Tree	
Order	Gadiformes	Gadiformes	See_Species	Species	Monophyletic	Yes	DNA_Tree	
Order	Gobiesociformes	Gobiesociformes	See_Species	Species	Monophyletic	Yes	No	
Order	Gobiiformes	Gobiiformes	See_Species	Species	Monophyletic	Yes	DNA_Tree	
Order	Gonorynchiformes	Gonorynchiformes	See_Species	Species	Monophyletic	Yes	DNA_Tree	
Order	Holocentriformes	Holocentriformes	See_Species	Species	Monophyletic	Yes	DNA_Tree	
Order	Incertae sedis in Carangaria	Incertae sedis in Carangaria	See_Species	Species	Not monophyletic	No	DNA_Tree	Monophyly not supported in DeepFin V4.
Order	Incertae sedis in Eupercaria	Incertae sedis in Eupercaria	See_Species	Species	Not monophyletic	No	DNA_Tree	Monophyly not supported in DeepFin V4.
Order	Incertae sedis in Ovalentaria	Incertae sedis in Ovalentaria	See_Species	Species	Not monophyletic	No	DNA_Tree	Monophyly not supported in DeepFin V4.
Order	Istiophoriformes	Istiophoriformes	See_Species	Species	Monophyletic	Yes	DNA_Tree	
Order	Kurtiformes	Kurtiformes	See_Species	Species	Monophyletic	Yes	DNA_Tree	
Order	Labriformes	Labriformes	See_Species	Species	Monophyletic	Yes	DNA_Tree	
Order	Lampriformes	Lampriformes	See_Species	Species	Monophyletic	Yes	DNA_Tree	Also called Lampridiformes in DeepFinV3 = allotriognathi
Order	Lophiiformes	Lophiiformes	See_Species	Species	Monophyletic	Yes	DNA_Tree	
Order	Lutjaniformes	Lutjaniformes	See_Species	Species	Monophyletic	Yes	DNA_Tree	
Order	Mugiliformes	Mugiliformes	See_Species	Species	Monophyletic	Yes	DNA_Tree	
Order	Myctophiformes	Myctophiformes	See_Species	Species	Monophyletic	Yes	DNA_Tree	
Order	Notacanthiformes	Notacanthiformes	See_Species	Species	Monophyletic	Yes	DNA_Tree	
Order	Ophidiiformes	Ophidiiformes	See_Species	Species	Monophyletic	Yes	DNA_Tree	
Order	Perciformes	Perciformes	See_Species	Species	Monophyletic	Yes	DNA_Tree	Also called Serraniformes (Lautredou et al. 2013). Lautredou A-C, Motomura H, Gallut C, Ozouf-Costaz C, Cruaud C, Lecointre G, et al. Multi-scale exploration of the relationships among Serraniformes (Acanthomorpha, Teleostei) using new nuclear markers. Mol Phylogenet Evol. 2013;67(1):140–55.
Order	Polymixiiformes	Polymixiiformes	See_Species	Species	Monophyletic	Yes	DNA_Tree	
Order	Priacanthiformes	Priacanthiformes	See_Species	Species	Monophyletic	Yes	DNA_Tree	
Order	Scombriformes	Scombriformes	See_Species	Species	Monophyletic	Yes	DNA_Tree	
Order	Spariformes	Spariformes	See_Species	Species	Monophyletic	Yes	DNA_Tree	
Order	Stomiatiformes	Stomiatiformes	See_Species	Species	Monophyletic	Yes	DNA_Tree	
Order	Syngnathiformes	Syngnathiformes	See_Species	Species	Monophyletic	Yes	DNA_Tree	
Order	Tetraodontiformes	Tetraodontiformes	See_Species	Species	Monophyletic	Yes	DNA_Tree	
Order	Trachichthyiformes	Trachichthyiformes	See_Species	Species	Monophyletic	Yes	DNA_Tree	
Order	Uranoscopiformes	Uranoscopiformes	See_Species	Species	Monophyletic	Yes	DNA_Tree	
Order	Zeiformes	Zeiformes	See_Species	Species	Monophyletic	Yes	DNA_Tree	
Order	Argentiniformes	Argentiniformes	See_Species	Species	Monophyletic	Yes	DNA_Tree	
Order	Pempheriformes	Pempheriformes	See_Species	Species	Monophyletic	Yes	DNA_Tree	
Order	Pleuronectiformes	Pleuronectiformes	See_Species	Species	Monophyletic	Yes	DNA_Tree	
Order	Acipenseriformes	Acipenseriformes	See_Species	Species	Monophyletic	Yes	DNA_Tree	
Order	Lepisosteiformes	Lepisosteiformes	See_Species	Species	Monophyletic	Yes	DNA_Tree	
Order	Amiiformes	Amiiformes	See_Species	Species	Monophyletic	Yes	DNA_Tree	
Order	Carangiformes	Carangiformes	See_Species	Species	Not monophyletic	No	DNA_Tree	Here we followed DeepFin V4 rejecting the monophyly of the Carangiformes (but see Betancur et al. 2013, supporting monophyly of the group). Betancur-R R, Li C, Munroe TA, Ballesteros JA, Orti G. Addressing gene-tree discordance and non-stationarity to resolve a multi-locus phylogeny of the flatfishes (Teleostei: Pleuronectiformes). Syst Biol. 2013;62(5):763–85.
Series	Ophidiaria	Ophidiaria	Ophidiiformes	Order	Monophyletic	Yes	DNA_Tree	
Series	Gobiaria	Gobiaria	Kurtiformes	Order	Monophyletic	Yes	DNA_Tree	
Series	Gobiaria	Gobiaria	Gobiiformes	Order	Monophyletic	Yes	DNA_Tree	
Series	Syngnatharia	Syngnatharia	Syngnathiformes	Order	Monophyletic	Yes	DNA_Tree	
Series	Pelagiaria	Pelagiaria	Scombriformes	Order	Monophyletic	Yes	DNA_Tree	
Series	Carangaria	Carangaria	Incertae sedis in Carangaria	Order	Monophyletic	Yes	DNA_Tree	
Series	Carangaria	Carangaria	Istiophoriformes	Order	Monophyletic	Yes	DNA_Tree	
Series	Carangaria	Carangaria	Carangiformes	Order	Monophyletic	Yes	DNA_Tree	
Series	Carangaria	Carangaria	Pleuronectiformes	Order	Monophyletic	Yes	DNA_Tree	
Series	Ovalentaria	Ovalentaria	Incertae sedis in Ovalentaria	Order	Monophyletic	Yes	DNA_Tree	
Series	Ovalentaria	Ovalentaria	Atheriniformes	Order	Monophyletic	Yes	DNA_Tree	
Series	Ovalentaria	Ovalentaria	Beloniformes	Order	Monophyletic	Yes	DNA_Tree	
Series	Ovalentaria	Ovalentaria	Mugiliformes	Order	Monophyletic	Yes	DNA_Tree	
Series	Ovalentaria	Ovalentaria	Blenniiformes	Order	Monophyletic	Yes	DNA_Tree	
Series	Eupercaria	Eupercaria	Incertae sedis in Eupercaria	Order	Monophyletic	Yes	DNA_Tree	
Series	Eupercaria	Eupercaria	Uranoscopiformes	Order	Monophyletic	Yes	DNA_Tree	
Series	Eupercaria	Eupercaria	Labriformes	Order	Monophyletic	Yes	DNA_Tree	
Series	Eupercaria	Eupercaria	Ephippiformes	Order	Monophyletic	Yes	DNA_Tree	
Series	Eupercaria	Eupercaria	Spariformes	Order	Monophyletic	Yes	DNA_Tree	
Series	Eupercaria	Eupercaria	Chaetodontiformes	Order	Monophyletic	Yes	DNA_Tree	
Series	Eupercaria	Eupercaria	Lophiiformes	Order	Monophyletic	Yes	DNA_Tree	
Series	Eupercaria	Eupercaria	Tetraodontiformes	Order	Monophyletic	Yes	DNA_Tree	
Series	Eupercaria	Eupercaria	Acanthuriformes	Order	Monophyletic	Yes	DNA_Tree	
Series	Eupercaria	Eupercaria	Pempheriformes	Order	Monophyletic	Yes	DNA_Tree	
Series	Eupercaria	Eupercaria	Centrarchiformes	Order	Monophyletic	Yes	DNA_Tree	
Series	Eupercaria	Eupercaria	Perciformes	Order	Monophyletic	Yes	DNA_Tree	
Subdivision	Percomorphaceae	Percomorphaceae	Ophidiaria	Series	Monophyletic	Yes	DNA_Tree	
Subdivision	Percomorphaceae	Percomorphaceae	Gobiaria	Series	Monophyletic	Yes	DNA_Tree	
Subdivision	Percomorphaceae	Percomorphaceae	Syngnatharia	Series	Monophyletic	Yes	DNA_Tree	
Subdivision	Percomorphaceae	Percomorphaceae	Pelagiaria	Series	Monophyletic	Yes	DNA_Tree	
Subdivision	Percomorphaceae	Percomorphaceae	Carangaria	Series	Monophyletic	Yes	DNA_Tree	
Subdivision	Percomorphaceae	Percomorphaceae	Ovalentaria	Series	Monophyletic	Yes	DNA_Tree	
Subdivision	Percomorphaceae	Percomorphaceae	Eupercaria	Series	Monophyletic	Yes	DNA_Tree	
Division	Acanthopterygii	Acanthopterygii	Trachichthyiformes	Order	Monophyletic	Yes	DNA_Tree	Previously called Euacanthomorphacea, in DeepFinV3.
Division	Acanthopterygii	Acanthopterygii	Beryciformes	Order	Monophyletic	Yes	DNA_Tree	Previously called Euacanthomorphacea, in DeepFinV3.
Division	Acanthopterygii	Acanthopterygii	Holocentriformes	Order	Monophyletic	Yes	DNA_Tree	Previously called Euacanthomorphacea, in DeepFinV3.
Division	Acanthopterygii	Acanthopterygii	Percomorphaceae	Subdivision	Monophyletic	Yes	DNA_Tree	Previously called Euacanthomorphacea, in DeepFinV3.
Subsection	Acanthomorphata	Acanthomorphata	Lampriformes	Order	Monophyletic	Yes	DNA_Tree	Also called Acanthomorpha Near et al. 2012. Near TJ, Eytan RI, Dornburg A, Kuhn KL, Moore JA, Davis MP, et al. Resolution of ray-finned fish phylogeny and timing of diversification. Proc Natl Acad Sci. 2012;109(34):13698–703.
Subsection	Acanthomorphata	Acanthomorphata	Zeiformes	Order	Monophyletic	Yes	DNA_Tree	Also called Acanthomorpha Near et al. 2012. Near TJ, Eytan RI, Dornburg A, Kuhn KL, Moore JA, Davis MP, et al. Resolution of ray-finned fish phylogeny and timing of diversification. Proc Natl Acad Sci. 2012;109(34):13698–703.
Subsection	Acanthomorphata	Acanthomorphata	Gadiformes	Order	Monophyletic	Yes	DNA_Tree	Also called Acanthomorpha Near et al. 2012. Near TJ, Eytan RI, Dornburg A, Kuhn KL, Moore JA, Davis MP, et al. Resolution of ray-finned fish phylogeny and timing of diversification. Proc Natl Acad Sci. 2012;109(34):13698–703.
Subsection	Acanthomorphata	Acanthomorphata	Polymixiiformes	Order	Monophyletic	Yes	DNA_Tree	Also called Acanthomorpha Near et al. 2012. Near TJ, Eytan RI, Dornburg A, Kuhn KL, Moore JA, Davis MP, et al. Resolution of ray-finned fish phylogeny and timing of diversification. Proc Natl Acad Sci. 2012;109(34):13698–703.
Subsection	Acanthomorphata	Acanthomorphata	Acanthopterygii	Division	Monophyletic	Yes	DNA_Tree	Also called Acanthomorpha Near et al. 2012. Near TJ, Eytan RI, Dornburg A, Kuhn KL, Moore JA, Davis MP, et al. Resolution of ray-finned fish phylogeny and timing of diversification. Proc Natl Acad Sci. 2012;109(34):13698–703.
Subcohort	Neoteleostei	Neoteleostei	Acanthomorphata	Subsection	Monophyletic	Yes	DNA_Tree	
Subcohort	Neoteleostei	Neoteleostei	Myctophiformes	Order	Monophyletic	Yes	DNA_Tree	
Subcohort	Neoteleostei	Neoteleostei	Aulopiformes	Order	Monophyletic	Yes	DNA_Tree	
Cohort	Otomorpha	Otomorpha	Clupeiformes	Order	Monophyletic	Yes	DNA_Tree	
Cohort	Otomorpha	Otomorpha	Alepocephaliformes	Order	Monophyletic	Yes	DNA_Tree	
Cohort	Otomorpha	Otomorpha	Gonorynchiformes	Order	Monophyletic	Yes	DNA_Tree	
Cohort	Elopomorpha	Elopomorpha	Notacanthiformes	Order	Monophyletic	Yes	DNA_Tree	
Cohort	Elopomorpha	Elopomorpha	Anguilliformes	Order	Monophyletic	Yes	DNA_Tree	
Supercohort	Clupeocephala	Clupeocephala	Otomorpha	Cohort	Monophyletic	Yes	DNA_Tree	
Supercohort	Clupeocephala	Clupeocephala	Argentiniformes	Order	Monophyletic	Yes	DNA_Tree	
Supercohort	Clupeocephala	Clupeocephala	Stomiatiformes	Order	Monophyletic	Yes	DNA_Tree	
Supercohort	Clupeocephala	Clupeocephala	Neoteleostei	Subcohort	Monophyletic	Yes	DNA_Tree	
Infraclass	Teleostei	Teleostei	Clupeocephala	Supercohort	Monophyletic	Yes	DNA_Tree	
Infraclass	Teleostei	Teleostei	Elopomorpha	Cohort	Monophyletic	Yes	DNA_Tree	
Infraclass	Holostei	Holostei	Amiiformes	Order	Monophyletic	Yes	DNA_Tree	
Infraclass	Holostei	Holostei	Lepisosteiformes	Order	Monophyletic	Yes	DNA_Tree	
Subclass	Neopterygii	Neopterygii	Holostei	Infraclass	Monophyletic	Yes	DNA_Tree	
Subclass	Neopterygii	Neopterygii	Teleostei	Infraclass	Monophyletic	Yes	DNA_Tree	
